m,scheme,L2_error
20,Compact6,0.0006819097470191159
40,Compact6,0.04052592552992303
60,Compact6,0.07847819953976097
80,Compact6,0.0734929207289668
100,Compact6,0.0664249332255229
120,Compact6,0.06383922373930799
