N,scheme,L1_error
64,Compact6,0.11506133969226143
128,Compact6,0.07743034746964957
256,Compact6,0.008742875263033766
512,Compact6,0.00013447032475320158
1024,Compact6,2.4870207501123676e-06
