N,scheme,L1_error
64,Compact8,0.1106789405212413
128,Compact8,0.05925557335190451
256,Compact8,0.0018268047504306126
512,Compact8,1.5254483135227924e-05
1024,Compact8,6.394976140680934e-07
