m,scheme,L2_error
20,Compact8,0.0002778577920521378
40,Compact8,0.00918043638594685
60,Compact8,0.06058438743565516
80,Compact8,0.06330941134432652
100,Compact8,0.059804460328979576
120,Compact8,0.0576612993608481
